[   
    {
        "url":"/api/users",
        "module" :"ControlBussTest",
        "actions":[
            {
                "method":"get",
                "action": "getAllUser",
                "secure":false
            }
        ]
    },
    {
        "url":"/api/testupload",
        "module" :"ControlBussTest",
        "actions":[
            {
                "method":"post",
                "action": "testUpload",
                "secure":false
            }
        ]
    },
    {
        "url":"/api/testdownload",
        "module" :"ControlBussTest",
        "actions":[
            {
                "method":"get",
                "action": "testdownLoad",
                "secure":false
            }
        ]
    },
    {
        "url":"/api/auth/provider",
        "module" :"/authentification/authprovider",
        "actions":[
            {
                "method":"post",
                "action": "register",
                "params":{
                }
            },
            {
                "method":"get",
                "action": "login"
            }
        ]
    },
    {
        "url":"/api/auth/requester",
        "module" :"/authentification/authrequester",
        "actions":[
            {
                "method":"post",
                "action": "register",
                "secure": false,
                "params":{
                }
            },
            {
                "method":"get",
                "action": "login",
                "secure": false,
                "params": {
                    "email": "string",
                    "password": "string"
                }
            }
        ]
    },
    {
        "url":"/api/auth/login",
        "module" :"/authentification/authrequester",
        "actions":[
            {
                "method":"post",
                "action": "login",
                "secure": false,
                "params": {
                    "email": "string",
                    "password": "string"
                }
            }
        ]
    },
    {
        "url":"/api/requester/profil",
        "module" :"/authentification/authrequester",
        "actions":[
            {
                "method":"get",
                "action": "getProfil",
                "params":{
                }
            }
        ]
    },
    {
        "url":"/api/user/profil/:idProfil",
        "module" :"/authentification/authrequester",
        "actions":[
            {
                "method":"get",
                "action": "getUserProfil",
                "params":{
                }
            }
        ]
    },
    {
        "url":"/api/requester/service/add",
        "module" :"/service/requesterservicemanager",
        "actions":[
            {
                "method":"post",
                "action": "addService",
                "params":{
                }
            }
        ]
    },
    {
        "url":"/api/requester/service/list",
        "module" :"/service/requesterservicemanager",
        "actions":[
            {
                "method":"get",
                "action": "getServiceList",
                "params":{
                }
            }
        ]
    },
    {
        "url":"/api/requester/service/make_paiement",
        "module" :"/service/servicemanager",
        "actions":[
            {
                "method":"post",
                "action": "makePaiement",
                "params":{
                    "idTransaction":"string"
                }
            }
        ]
    },
    {
        "url":"/api/requester/service/end",
        "module" :"/service/servicemanager",
        "actions":[
            {
                "method":"post",
                "action": "endTransaction",
                "params":{
                    "idTransaction":"string"
                }
            }
        ]
    },
    {
        "url":"/api/requester/service/start",
        "module" :"/service/servicemanager",
        "actions":[
            {
                "method":"post",
                "action": "startRunningTransaction",
                "params":{
                    "idTransaction":"string"
                }
            }
        ]
    },    
    {
        "url":"/api/requester/service/:idService",
        "module" :"/service/requesterservicemanager",
        "actions":[
            {
                "method":"post",
                "action": "updateService",
                "params":{
                    "idService":"string"
                }
            },
            {
                "method":"get",
                "action": "getService",
                "params":{
                    "idService":"string"
                }
            }
        ]
    },
    
    {
        "url":"/api/requester/service/transaction/start",
        "module" :"/service/servicemanager",
        "actions":[
            {
                "method":"post",
                "action": "startTransaction",
                "params":{
                    "idService":"string",
                    "idProvider":"string",
                    "idRequester":"string",
                    "idInitiator":"string"
                }
            }
        ]
    },
    {
        "url":"/api/requester/service/transaction/find/:idTransaction",
        "module" :"/service/servicemanager",
        "actions":[
            {
                "method":"get",
                "action": "getTransaction",
                "params":{
                    "idTransaction":"string"
                }
            }
        ]
    },
    {
        "url":"/api/requester/service/transaction/accept_price",
        "module" :"/service/servicemanager",
        "actions":[
            {
                "method":"post",
                "action": "acceptPrice",
                "params":{
                    "idService":"string",
                    "idTransaction":"string"
                }
            }
        ]
    },
    {
        "url":"/api/requester/service/transaction/update_price",
        "module" :"/service/servicemanager",
        "actions":[
            {
                "method":"post",
                "action": "updatePrice",
                "params":{
                    "idTransaction":"string",
                    "idMessage":"string",
                    "price":"string"
                }
            }
        ]
    },

    {
        "url":"/api/provider/service/add",
        "module" :"/service/providerservicemanager",
        "actions":[
            {
                "method":"post",
                "action": "addService",
                "params":{
                    
                }
            }
        ]
    },
    {
        "url":"/api/provider/service/find",
        "module" :"/service/providerservicemanager",
        "actions":[
            {
                "method":"post",
                "action": "findServiceProviderByZone",
                "params":{
                    
                }
            }
        ]
    },
    {
        "url":"/api/provider/service/list",
        "module" :"/service/providerservicemanager",
        "actions":[
            {
                "method":"get",
                "action": "getServiceList",
                "params":{
                }
            }
        ]
    },
    {
        "url":"/api/provider/service/:idProviderService",
        "module" :"/service/providerservicemanager",
        "actions":[
            {
                "method":"get",
                "action": "getService",
                "params":{
                    "idProviderService":"string"
                }
            }
        ]
    },
    {
        "url":"/api/provider/service/vehicle/add",
        "module" :"/service/providerservicemanager",
        "actions":[
            {
                "method":"post",
                "action": "addVehicle",
                "params":{
                        "type":"string",
                        "name":"string",
                        "marque":"string",
                        "photo":"string",
                        "placeNumbler":"number",
                        "description":"string"
                }
            }
        ]
    },
    {
        "url":"/api/provider/service/vehicle/list",
        "module" :"/service/providerservicemanager",
        "actions":[
            {
                "method":"get",
                "action": "getVehicleList",
                "params":{
                }
            }
        ]
    },
    {
        "url":"/api/provider/service/zone/add",
        "module" :"/service/providerservicemanager",
        "actions":[
            {
                "method":"get",
                "action": "addZone",
                "params":{
                    "long":"double",
                    "lat":"double",
                    "name":"string",
                    "country":"string",
                    "city":"string"
                }
            }
        ]
    },
    {
        "url":"/api/provider/service/zone/list",
        "module" :"/service/providerservicemanager",
        "actions":[
            {
                "method":"get",
                "action": "getZoneList",
                "params":{
                }
            }
        ]
    },
    
    {
        "url":"/api/chat/list",
        "module" :"/chat/chatmanager",
        "actions":[
            {
                "method":"get",
                "action": "getDiscutionList",
                "params":{
                }
            }
        ]
    },
    {
        "url":"/api/chat/unread",
        "module" :"/chat/chatmanager",
        "actions":[
            {
                "method":"get",
                "action": "getUnreadDiscution",
                "params":{
                }
            }
        ]
    },
    {
        "url":"/api/chat/mark_as_read",
        "module" :"/chat/chatmanager",
        "actions":[
            {
                "method":"post",
                "action": "markAsRead",
                "params":{
                    "idMessage":"string",
                    "idDiscussion":"string"
                }
            }
        ]
    },
    {
        "url":"/api/chat/add",
        "module" :"/chat/chatmanager",
        "actions":[
            {
                "method":"get",
                "action": "getTransactionMessageList",
                "params":{
                    "idDiscussion":"string",
                    "from":"string",
                    "to":"string",
                    "date":"string",
                    "title":"string",
                    "content":"string"
                }
            }
        ]
    },
    {
        "url":"/api/chat/message/add",
        "module" :"/chat/chatmanager",
        "actions":[
            {
                "method":"post",
                "action": "addMessage",
                "params":{
                    "idDiscussion":"string",
                    "from":"string",
                    "to":"string",
                    "date":"string",
                    "title":"string",
                    "content":"string"
                }
            }
        ]
    }

]